{
    "results": {
        "tool": {
            "name": "pytest",
            "version": "8.4.1"
        },
        "summary": {
            "tests": 1,
            "passed": 1,
            "failed": 0,
            "skipped": 0,
            "pending": 0,
            "other": 0,
            "start": 1772961621.4201255,
            "stop": 1772961621.428162
        },
        "tests": [
            {
                "name": "test_outputs.py::test_outputs",
                "status": "passed",
                "duration": 0.0008210679516196251,
                "start": 1772961621.426868,
                "stop": 1772961621.4279222,
                "retries": 0,
                "file_path": "test_outputs.py"
            }
        ]
    }
}