{
    "results": {
        "tool": {
            "name": "pytest",
            "version": "8.4.1"
        },
        "summary": {
            "tests": 1,
            "passed": 1,
            "failed": 0,
            "skipped": 0,
            "pending": 0,
            "other": 0,
            "start": 1772961313.691968,
            "stop": 1772961313.6999948
        },
        "tests": [
            {
                "name": "test_outputs.py::test_outputs",
                "status": "passed",
                "duration": 0.0007765799527987838,
                "start": 1772961313.6987498,
                "stop": 1772961313.6997552,
                "retries": 0,
                "file_path": "test_outputs.py"
            }
        ]
    }
}