{
    "results": {
        "tool": {
            "name": "pytest",
            "version": "8.4.1"
        },
        "summary": {
            "tests": 1,
            "passed": 1,
            "failed": 0,
            "skipped": 0,
            "pending": 0,
            "other": 0,
            "start": 1772961436.0571053,
            "stop": 1772961436.0656257
        },
        "tests": [
            {
                "name": "test_outputs.py::test_outputs",
                "status": "passed",
                "duration": 0.0006429471541196108,
                "start": 1772961436.0644448,
                "stop": 1772961436.0653682,
                "retries": 0,
                "file_path": "test_outputs.py"
            }
        ]
    }
}