{
    "results": {
        "tool": {
            "name": "pytest",
            "version": "8.4.1"
        },
        "summary": {
            "tests": 1,
            "passed": 1,
            "failed": 0,
            "skipped": 0,
            "pending": 0,
            "other": 0,
            "start": 1772960795.878001,
            "stop": 1772960795.8882005
        },
        "tests": [
            {
                "name": "test_outputs.py::test_outputs",
                "status": "passed",
                "duration": 0.0008675559656694531,
                "start": 1772960795.8866825,
                "stop": 1772960795.8879611,
                "retries": 0,
                "file_path": "test_outputs.py"
            }
        ]
    }
}