{
    "results": {
        "tool": {
            "name": "pytest",
            "version": "8.4.1"
        },
        "summary": {
            "tests": 1,
            "passed": 1,
            "failed": 0,
            "skipped": 0,
            "pending": 0,
            "other": 0,
            "start": 1772961736.7243826,
            "stop": 1772961736.731943
        },
        "tests": [
            {
                "name": "test_outputs.py::test_outputs",
                "status": "passed",
                "duration": 0.0008062709821388125,
                "start": 1772961736.7306168,
                "stop": 1772961736.7316973,
                "retries": 0,
                "file_path": "test_outputs.py"
            }
        ]
    }
}