{
    "results": {
        "tool": {
            "name": "pytest",
            "version": "8.4.1"
        },
        "summary": {
            "tests": 1,
            "passed": 1,
            "failed": 0,
            "skipped": 0,
            "pending": 0,
            "other": 0,
            "start": 1772962014.122747,
            "stop": 1772962014.1329787
        },
        "tests": [
            {
                "name": "test_outputs.py::test_outputs",
                "status": "passed",
                "duration": 0.0006867478368803859,
                "start": 1772962014.1318038,
                "stop": 1772962014.1327453,
                "retries": 0,
                "file_path": "test_outputs.py"
            }
        ]
    }
}