{
    "results": {
        "tool": {
            "name": "pytest",
            "version": "8.4.1"
        },
        "summary": {
            "tests": 1,
            "passed": 1,
            "failed": 0,
            "skipped": 0,
            "pending": 0,
            "other": 0,
            "start": 1772961178.7296422,
            "stop": 1772961178.739517
        },
        "tests": [
            {
                "name": "test_outputs.py::test_outputs",
                "status": "passed",
                "duration": 0.0007297239499166608,
                "start": 1772961178.7382019,
                "stop": 1772961178.739264,
                "retries": 0,
                "file_path": "test_outputs.py"
            }
        ]
    }
}