{
    "results": {
        "tool": {
            "name": "pytest",
            "version": "8.4.1"
        },
        "summary": {
            "tests": 1,
            "passed": 1,
            "failed": 0,
            "skipped": 0,
            "pending": 0,
            "other": 0,
            "start": 1772960433.4032586,
            "stop": 1772960433.412487
        },
        "tests": [
            {
                "name": "test_outputs.py::test_outputs",
                "status": "passed",
                "duration": 0.0006860160501673818,
                "start": 1772960433.4112234,
                "stop": 1772960433.4122136,
                "retries": 0,
                "file_path": "test_outputs.py"
            }
        ]
    }
}