{
    "results": {
        "tool": {
            "name": "pytest",
            "version": "8.4.1"
        },
        "summary": {
            "tests": 1,
            "passed": 1,
            "failed": 0,
            "skipped": 0,
            "pending": 0,
            "other": 0,
            "start": 1772962083.2609823,
            "stop": 1772962083.268304
        },
        "tests": [
            {
                "name": "test_outputs.py::test_outputs",
                "status": "passed",
                "duration": 0.0007517210906371474,
                "start": 1772962083.2670426,
                "stop": 1772962083.268043,
                "retries": 0,
                "file_path": "test_outputs.py"
            }
        ]
    }
}